{
	"format_version": "1.16.0",
	"minecraft:entity": {
		"description": {
			"identifier": "chat_rank:leaderboard",
			"is_spawnable": false,
			"is_summonable": true,
			"is_experimental": false
		},
		"component_groups": {},
		"components": {
			"minecraft:damage_sensor": {
				"triggers": {
					"deals_damage": false
				}
			},
			"minecraft:physics": {
				"has_collision": true,
				"has_gravity": false
			},
			"minecraft:nameable": {
				"always_show": true,
				"allow_name_tag_renaming": false
			},
			"minecraft:collision_box": {
				"height": 0,
				"width": 0
			}
		},
		"events": {}
	}
}