{
	"format_version": "1.8.0",
	"animations": {
		"animation.crate_particle": {
			"loop": true,
			"animation_length": 0.3,
			"blend_weight": "1",
			"timeline": {
				"0.0": "/particle minecraft:end_chest ~ ~0.3 ~",
				"0.1": "/particle minecraft:end_chest ~ ~0.3 ~",
				"0.2": "/particle minecraft:end_chest ~ ~0.3 ~",
				"0.3": "/particle minecraft:end_chest ~ ~0.3 ~"
			}
		},
		"animation.crate_halo4": {
			"loop": true,
			"animation_length": 2.05,
			"blend_weight": "1",
			"timeline": {
				"0.0": "/particle je:snow ~ ~ ~"
			}
		},
		"animation.crate_halo5": {
			"loop": true,
			"animation_length": 2.05,
			"blend_weight": "1",
			"timeline": {
				"0.0": [
					"/particle je:fallingchant1 ~ ~ ~",
					"/particle je:fallingchant2 ~ ~ ~"
				]
			}
		},
		"animation.crate_lava": {
			"loop": false,
			"animation_length": 8,
			"blend_weight": "1",
			"timeline": {
				"0.5": "/particle je:lava ~ ~0.6 ~"
			}
		},
		"animation.crate_smoke": {
			"loop": true,
			"animation_length": 0.2,
			"blend_weight": "1",
			"timeline": {
				"0.1": "/function showcaseparticle"
			}
		}
	}
}