{
  "format_version": "1.18.0",
  "minecraft:entity": {
    "description": {
      "identifier": "minecraft:arrow",
      "is_spawnable": false,
      "is_summonable": true,
      "is_experimental": false
    },
    "component_groups": {
      "minecraft:player_arrow1": {
        "minecraft:type_family": {
          "family": [
            "attack"
          ]
        },
        "minecraft:projectile": {
          "on_hit": {
            "impact_damage": {
              "damage": 1,
              "knockback": true,
              "semi_random_diff_damage": true,
              "destroy_on_hit": true,
              "max_critical_damage": 9,
              "min_critical_damage": 8,
              "power_multiplier": 0.97
            },
            "particle_on_hit": {
              "num_particles": 8,
              "on_entity_hit": true,
              "on_other_hit": true,
              "particle_type": "crit"
            },
            "stick_in_ground": {
              "shake_time": 0.35
            },
            "arrow_effect": {}
          },
          "hit_sound": "bow.hit",
          "power": 1.45,
          "gravity": 0.05,
          "uncertainty_base": 200,
          "uncertainty_multiplier": 56,
          "anchor": 1,
          "should_bounce": false,
          "offset": [
            0,
            -0.1,
            0
          ]
        }
      },
      "minecraft:player_arrow2": {
        "minecraft:type_family": {
          "family": [
            "attack"
          ]
        },
        "minecraft:projectile": {
          "on_hit": {
            "impact_damage": {
              "damage": 1,
              "knockback": true,
              "semi_random_diff_damage": true,
              "destroy_on_hit": true,
              "max_critical_damage": 10,
              "min_critical_damage": 9,
              "power_multiplier": 0.98
            },
            "particle_on_hit": {
              "num_particles": 8,
              "on_entity_hit": true,
              "on_other_hit": true,
              "particle_type": "crit"
            },
            "stick_in_ground": {
              "shake_time": 0.35
            },
            "arrow_effect": {}
          },
          "hit_sound": "bow.hit",
          "power": 2.0,
          "gravity": 0.04,
          "uncertainty_base": 120,
          "uncertainty_multiplier": 70,
          "anchor": 1,
          "should_bounce": false,
          "offset": [
            0,
            -0.1,
            0
          ]
        }
      },
      "minecraft:player_arrow3": {
        "minecraft:type_family": {
          "family": [
            "attack"
          ]
        },
        "minecraft:projectile": {
          "on_hit": {
            "impact_damage": {
              "damage": 1,
              "knockback": true,
              "semi_random_diff_damage": true,
              "destroy_on_hit": true,
              "max_critical_damage": 10,
              "min_critical_damage": 9,
              "power_multiplier": 1
            },
            "particle_on_hit": {
              "num_particles": 8,
              "on_entity_hit": true,
              "on_other_hit": true,
              "particle_type": "crit"
            },
            "stick_in_ground": {
              "shake_time": 0.35
            },
            "arrow_effect": {}
          },
          "hit_sound": "bow.hit",
          "power": 2.5,
          "gravity": 0.03,
          "uncertainty_base": 10,
          "uncertainty_multiplier": 3,
          "anchor": 1,
          "should_bounce": false,
          "offset": [
            0,
            -0.1,
            0
          ]
        }
      },
      "minecraft:player_arrow4": {
        "minecraft:type_family": {
          "family": [
            "attack"
          ]
        },
        "minecraft:projectile": {
          "on_hit": {
            "impact_damage": {
              "damage": 1,
              "knockback": true,
              "semi_random_diff_damage": true,
              "destroy_on_hit": true,
              "max_critical_damage": 14,
              "min_critical_damage": 12,
              "power_multiplier": 1.2,
              "should_bounce": false
            },
            "particle_on_hit": {
              "num_particles": 8,
              "on_entity_hit": true,
              "on_other_hit": true,
              "particle_type": "explode"
            },
            "stick_in_ground": {
              "shake_time": 0.35
            },
            "arrow_effect": {}
          },
          "hit_sound": "bow.hit",
          "power": 4.5,
          "gravity": 0.02,
          "uncertainty_base": 3,
          "uncertainty_multiplier": 0,
          "anchor": 1,
          "should_bounce": false,
          "offset": [
            0,
            -0.1,
            0
          ]
        }
      },
      "minecraft:player_arrow5": {
        "minecraft:type_family": {
          "family": [
            "attack"
          ]
        },
        "minecraft:projectile": {
          "on_hit": {
            "catch_fire": {
              "fire_affected_by_griefing": true,
              "on_fire_time": 1
            },
            "impact_damage": {
              "damage": 1,
              "knockback": true,
              "semi_random_diff_damage": true,
              "destroy_on_hit": false,
              "max_critical_damage": 16,
              "min_critical_damage": 14,
              "power_multiplier": 1.27,
              "should_bounce": false
            },
            "particle_on_hit": {
              "num_particles": 8,
              "on_entity_hit": true,
              "on_other_hit": true,
              "particle_type": "explode"
            },
            "stick_in_ground": {
              "shake_time": 0.35
            },
            "arrow_effect": {}
          },
          "hit_sound": "bow.hit",
          "power": 5.0,
          "gravity": 0.01,
          "uncertainty_base": 0,
          "uncertainty_multiplier": 0,
          "anchor": 1,
          "should_bounce": false,
          "offset": [
            0,
            -0.1,
            0
          ]
        }
      },
      "minecraft:fire": {
        "minecraft:type_family": {
          "family": [
            "attack"
          ]
        },
        "minecraft:timer": {
          "time": 0.04,
          "looping": true,
          "time_down_event": {
            "event": "de"
          }
        },
        "minecraft:projectile": {
          "on_hit": {
            "impact_damage": {
              "damage": 13,
              "knockback": true,
              "semi_random_diff_damage": false,
              "destroy_on_hit": false,
              "max_critical_damage": 14,
              "min_critical_damage": 12,
              "power_multiplier": 0.97,
              "should_bounce": false
            },
            "catch_fire": {
              "fire_affected_by_griefing": true,
              "on_fire_time": 5
            },
            "douse_fire": {},
            "particle_on_hit": {
              "num_particles": 8,
              "on_entity_hit": true,
              "on_other_hit": true,
              "particle_type": "explode"
            },
            "stick_in_ground": {
              "shake_time": 0.35
            },
            "arrow_effect": {}
          },
          "hit_sound": "bow.hit",
          "power": 5.0,
          "gravity": 0.01,
          "uncertainty_base": 0,
          "uncertainty_multiplier": 0,
          "anchor": 1,
          "should_bounce": false,
          "offset": [
            0,
            -0.1,
            0
          ]
        }
      },
      "minecraft:pillager_arrow": {
        "minecraft:type_family": {
          "family": [
            "attack"
          ]
        },
        "minecraft:projectile": {
          "on_hit": {
            "impact_damage": {
              "damage": [
                3,
                6
              ],
              "knockback": true,
              "should_bounce": false,
              "semi_random_diff_damage": false,
              "destroy_on_hit": true
            },
            "particle_on_hit": {
              "num_particles": 8,
              "on_entity_hit": true,
              "on_other_hit": true,
              "particle_type": "crit"
            },
            "stick_in_ground": {
              "shake_time": 0.35
            },
            "arrow_effect": {}
          },
          "hit_sound": "bow.hit",
          "power": 1.6,
          "gravity": 0.05,
          "uncertainty_base": 0,
          "uncertainty_multiplier": 0,
          "anchor": 1,
          "should_bounce": false,
          "offset": [
            0,
            -0.1,
            0
          ]
        }
      },
      "minecraft:hard_arrow": {
        "minecraft:type_family": {
          "family": [
            "attack"
          ]
        },
        "minecraft:projectile": {
          "on_hit": {
            "impact_damage": {
              "damage": [
                1,
                5
              ],
              "knockback": true,
              "semi_random_diff_damage": false,
              "destroy_on_hit": true
            },
            "stick_in_ground": {
              "shake_time": 0.35
            },
            "arrow_effect": {}
          },
          "hit_sound": "bow.hit",
          "power": 1.6,
          "gravity": 0.05,
          "uncertainty_base": 0,
          "uncertainty_multiplier": 0,
          "anchor": 1,
          "should_bounce": false,
          "offset": [
            0,
            -0.1,
            0
          ]
        }
      },
      "hdamage": {
        "minecraft:type_family": {
          "family": [
            "attack"
          ]
        },
        "minecraft:projectile": {
          "on_hit": {
            "impact_damage": {
              "damage": [
                9,
                15
              ],
              "knockback": true,
              "semi_random_diff_damage": false,
              "destroy_on_hit": true
            },
            "particle_on_hit": {
              "num_particles": 8,
              "on_entity_hit": true,
              "on_other_hit": true,
              "particle_type": "explode"
            },
            "stick_in_ground": {
              "shake_time": 0.35
            },
            "arrow_effect": {}
          },
          "hit_sound": "bow.hit",
          "power": 1.6,
          "gravity": 0.04,
          "uncertainty_base": 0,
          "uncertainty_multiplier": 0,
          "anchor": 1,
          "should_bounce": false,
          "offset": [
            0,
            -0.1,
            0
          ]
        }
      },
      "wither": {
        "minecraft:type_family": {
          "family": [
            "attack"
          ]
        },
        "minecraft:projectile": {
          "on_hit": {
            "definition_event": {
              "affect_shooter": true,
              "event_trigger": {
                "event": "wither_hurt"
              }
            },
            "impact_damage": {
              "damage": [
                5,
                9
              ],
              "knockback": true,
              "semi_random_diff_damage": false,
              "destroy_on_hit": true
            },
            "mob_effect": {
              "ambient": true,
              "amplifier": 1,
              "duration": 6,
              "durationeasy": 5,
              "durationhard": 12,
              "durationnormal": 8,
              "effect": "wither",
              "visible": false
            },
            "particle_on_hit": {
              "num_particles": 8,
              "on_entity_hit": true,
              "on_other_hit": true,
              "particle_type": "largesmoke"
            },
            "stick_in_ground": {
              "shake_time": 0.35
            },
            "arrow_effect": {}
          },
          "hit_sound": "bow.hit",
          "power": 1.6,
          "gravity": 0.04,
          "uncertainty_base": 0,
          "uncertainty_multiplier": 0,
          "anchor": 1,
          "should_bounce": false,
          "offset": [
            0,
            -0.1,
            0
          ]
        }
      },
      "poison": {
        "minecraft:type_family": {
          "family": [
            "attack"
          ]
        },
        "minecraft:projectile": {
          "on_hit": {
            "definition_event": {
              "affect_shooter": true,
              "event_trigger": {
                "event": "poison_hurt"
              },
              "impact_damage": {
                "damage": [
                  5,
                  9
                ],
                "knockback": true,
                "semi_random_diff_damage": false,
                "destroy_on_hit": true
              },
              "mob_effect": {
                "ambient": true,
                "amplifier": 1,
                "duration": 6,
                "durationeasy": 4,
                "durationhard": 8,
                "durationnormal": 6,
                "effect": "poison",
                "visible": false
              },
              "particle_on_hit": {
                "num_particles": 4,
                "on_entity_hit": true,
                "on_other_hit": true,
                "particle_type": "crit"
              },
              "stick_in_ground": {
                "shake_time": 0.35
              },
              "arrow_effect": {}
            },
            "hit_sound": "bow.hit",
            "power": 1.6,
            "gravity": 0.04,
            "uncertainty_base": 0,
            "uncertainty_multiplier": 0,
            "anchor": 1,
            "should_bounce": false,
            "offset": [
              0,
              -0.1,
              0
            ]
          }
        }
      },
      "break": {
        "minecraft:type_family": {
          "family": [
            "attack"
          ]
        },
        "minecraft:projectile": {
          "on_hit": {
            "definition_event": {
              "affect_shooter": true,
              "event_trigger": {
                "event": "breaking"
              },
              "impact_damage": {
                "damage": [
                  5,
                  9
                ],
                "knockback": true,
                "semi_random_diff_damage": false,
                "destroy_on_hit": true
              },
              "stick_in_ground": {
                "shake_time": 0.35
              },
              "arrow_effect": {}
            },
            "hit_sound": "bow.hit",
            "power": 1.6,
            "gravity": 0.04,
            "uncertainty_base": 0,
            "uncertainty_multiplier": 0,
            "anchor": 1,
            "should_bounce": false,
            "offset": [
              0,
              -0.1,
              0
            ]
          }
        }
      }
    },
    "components": {
      "minecraft:collision_box": {
        "width": 0.25,
        "height": 0.25
      },
      "minecraft:hurt_on_condition": {
        "damage_conditions": [
          {
            "filters": {
              "test": "in_lava",
              "subject": "self",
              "operator": "==",
              "value": true
            },
            "cause": "lava",
            "damage_per_tick": 4
          }
        ]
      },
      "minecraft:type_family": {
        "family": [
          "attack"
        ]
      },
      "minecraft:projectile": {
        "on_hit": {
          "impact_damage": {
            "damage": [
              1,
              4
            ],
            "knockback": true,
            "semi_random_diff_damage": false,
            "destroy_on_hit": true
          },
          "stick_in_ground": {
            "shake_time": 0.35
          },
          "arrow_effect": {}
        },
        "hit_sound": "bow.hit",
        "power": 1.6,
        "gravity": 0.05,
        "uncertainty_base": 0,
        "uncertainty_multiplier": 0,
        "anchor": 1,
        "should_bounce": false,
        "offset": [
          0,
          -0.1,
          0
        ]
      },
      "minecraft:physics": {},
      "minecraft:pushable": {
        "is_pushable": false,
        "is_pushable_by_piston": true
      },
      "minecraft:conditional_bandwidth_optimization": {
        "default_values": {
          "max_optimized_distance": 80.0,
          "max_dropped_ticks": 7,
          "use_motion_prediction_hints": true
        }
      }
    },
    "events": {
      "hdamage": {
        "add": {
          "component_groups": [
            "hdamage"
          ]
        }
      },
      "fire": {
        "filters": {
          "all_of": [
            {
              "test": "is_family",
              "subject": "other",
              "operator": "==",
              "value": "player"
            },
            {
              "any_of": [
                {
                  "test": "has_equipment",
                  "operator": "==",
                  "subject": "other",
                  "value": "modcraft:charles_arrow"
                },
                {
                  "test": "has_equipment",
                  "operator": "==",
                  "subject": "other",
                  "value": "modcraft:selucid_bow"
                }
              ]
            }
          ]
        },
        "add": {
          "component_groups": [
            "minecraft:fire"
          ]
        }
      },
      "wither_hurt": {
        "run_command": {
          "command": [
            "effect @a[r=2,c=1] wither 4 1 true"
          ]
        }
      },
      "slow": {
        "run_command": {
          "target": "other",
          "command": [
            "effect @s slowness 2 255 true"
          ]
        }
      },
      "fire1": {
        "add": {
          "component_groups": [
            "minecraft:firearrow1"
          ]
        }
      },
      "fire2": {
        "add": {
          "component_groups": [
            "minecraft:firearrow2"
          ]
        }
      },
      "fire3": {
        "add": {
          "component_groups": [
            "minecraft:firearrow3"
          ]
        }
      },
      "fire4": {
        "add": {
          "component_groups": [
            "minecraft:firearrow4"
          ]
        }
      },
      "lightning1": {
        "add": {
          "component_groups": [
            "minecraft:lightningarrow1"
          ]
        }
      },
      "lightning2": {
        "add": {
          "component_groups": [
            "minecraft:lightningarrow2"
          ]
        }
      },
      "lightning3": {
        "add": {
          "component_groups": [
            "minecraft:lightningarrow3"
          ]
        }
      },
      "lightning4": {
        "add": {
          "component_groups": [
            "minecraft:lightningarrow4"
          ]
        }
      },
      "dragon4": {
        "add": {
          "component_groups": [
            "minecraft:dragonarrow4"
          ]
        }
      },
      "dragon1": {
        "add": {
          "component_groups": [
            "minecraft:dragonarrow1"
          ]
        }
      },
      "dragon2": {
        "add": {
          "component_groups": [
            "minecraft:dragonarrow2"
          ]
        }
      },
      "dragon3": {
        "add": {
          "component_groups": [
            "minecraft:dragonarrow3"
          ]
        }
      },
      "ice1": {
        "add": {
          "component_groups": [
            "minecraft:icearrow1"
          ]
        }
      },
      "ice2": {
        "add": {
          "component_groups": [
            "minecraft:icearrow2"
          ]
        }
      },
      "ice3": {
        "add": {
          "component_groups": [
            "minecraft:icearrow3"
          ]
        }
      },
      "ice4": {
        "add": {
          "component_groups": [
            "minecraft:icearrow4"
          ]
        }
      },
      "poison_hurt": {
        "run_command": {
          "command": [
            "effect @a[r=2,c=1] fatal_poison 4 1 true"
          ]
        }
      },
      "wither": {
        "add": {
          "component_groups": [
            "wither"
          ]
        }
      },
      "poison": {
        "add": {
          "component_groups": [
            "poison"
          ]
        }
      },
      "bth": {
        "add": {
          "component_groups": [
            "minecraft:player_arrow3"
          ]
        }
      },
      "de": {
        "run_command": {
          "command": [
            "particle minecraft:basic_flame_particle ~~~-0.2",
            "particle minecraft:basic_flame_particle ~~~"
          ]
        }
      },
      "minecraft:entity_spawned": {
        "sequence": [
          {
            "filters": {
              "any_of": [
                {
                  "test": "is_family",
                  "operator": "==",
                  "subject": "other",
                  "value": "skeleton"
                },
                {
                  "test": "is_family",
                  "operator": "==",
                  "subject": "other",
                  "value": "zombie"
                }
              ]
            },
            "add": {
              "component_groups": [
                "minecraft:hard_arrow"
              ]
            }
          },
          {
            "filters": {
              "all_of": [
                {
                  "test": "is_family",
                  "subject": "other",
                  "value": "player"
                },
                {
                  "test": "has_tag",
                  "operator": "==",
                  "subject": "other",
                  "value": "arrow1"
                }
              ]
            },
            "add": {
              "component_groups": [
                "minecraft:player_arrow1"
              ]
            }
          },
          {
            "filters": {
              "all_of": [
                {
                  "test": "is_family",
                  "subject": "other",
                  "value": "player"
                },
                {
                  "test": "has_tag",
                  "operator": "!=",
                  "subject": "other",
                  "value": "arrow1"
                },
                {
                  "test": "has_tag",
                  "operator": "!=",
                  "subject": "other",
                  "value": "arrow2"
                },
                {
                  "test": "has_tag",
                  "operator": "!=",
                  "subject": "other",
                  "value": "arrow3"
                },
                {
                  "test": "has_tag",
                  "operator": "!=",
                  "subject": "other",
                  "value": "arrow4"
                },
                {
                  "test": "has_tag",
                  "operator": "!=",
                  "subject": "other",
                  "value": "arrow5"
                }
              ]
            },
            "add": {
              "component_groups": [
                "minecraft:player_arrow1"
              ]
            }
          },
          {
            "filters": {
              "all_of": [
                {
                  "test": "is_family",
                  "subject": "other",
                  "value": "player"
                },
                {
                  "test": "has_tag",
                  "operator": "==",
                  "subject": "other",
                  "value": "arrow2"
                }
              ]
            },
            "add": {
              "component_groups": [
                "minecraft:player_arrow2"
              ]
            }
          },
          {
            "filters": {
              "all_of": [
                {
                  "test": "is_family",
                  "subject": "other",
                  "value": "player"
                },
                {
                  "test": "has_tag",
                  "operator": "==",
                  "subject": "other",
                  "value": "arrow3"
                }
              ]
            },
            "add": {
              "component_groups": [
                "minecraft:player_arrow3"
              ]
            }
          },
          {
            "filters": {
              "all_of": [
                {
                  "test": "is_family",
                  "subject": "other",
                  "value": "player"
                },
                {
                  "test": "has_tag",
                  "operator": "==",
                  "subject": "other",
                  "value": "arrow5"
                }
              ]
            },
            "add": {
              "component_groups": [
                "minecraft:player_arrow5"
              ]
            }
          },
          {
            "filters": {
              "all_of": [
                {
                  "test": "is_family",
                  "subject": "other",
                  "value": "player"
                },
                {
                  "test": "has_tag",
                  "operator": "==",
                  "subject": "other",
                  "value": "arrow4"
                }
              ]
            },
            "add": {
              "component_groups": [
                "minecraft:player_arrow4"
              ]
            }
          },
          {
            "filters": {
              "test": "is_family",
              "subject": "other",
              "value": "illager"
            },
            "add": {
              "component_groups": [
                "minecraft:pillager_arrow"
              ]
            }
          }
        ]
      }
    }
  }
}