{
  "format_version": "1.18.20",
  "minecraft:entity": {
    "description": {
      "identifier": "minecraft:player",
      "is_spawnable": false,
      "is_summonable": false,
      "is_experimental": false
    },
    "component_groups": {
      "remove_mining": {
        "minecraft:spell_effects": {
          "remove_effects": "mining_fatigue"
        }
      },
      "remove_slownessfff": {
        "minecraft:spell_effects": {
          "remove_effects": "slowness"
        }
      },
      "remove_nauseafff": {
        "minecraft:spell_effects": {
          "remove_effects": "nausea"
        }
      },
      "spawn_fire": {
        "minecraft:spawn_entity": {
          "entities": {
            "min_wait_time": 0.1,
            "max_wait_time": 0.1,
            "num_to_spawn": 1,
            "single_use": true,
            "spawn_entity": "minecraft:fireball"
          }
        }
      },
      "speed1": {
        "minecraft:movement": {
          "value": 0.115,
          "max": 0.5
        }
      },
      "speed2": {
        "minecraft:movement": {
          "value": 0.12,
          "max": 0.6
        }
      },
      "speed3": {
        "minecraft:movement": {
          "value": 0.124,
          "max": 0.7
        }
      },
      "speed4": {
        "minecraft:movement": {
          "value": 0.1299,
          "max": 0.8
        }
      },
      "speed5": {
        "minecraft:movement": {
          "value": 0.132,
          "max": 0.9
        }
      },
      "h1": {
        "minecraft:health": {
          "value": 22,
          "max": 22
        }
      },
      "h2": {
        "minecraft:health": {
          "value": 24,
          "max": 24
        }
      },
      "h3": {
        "minecraft:health": {
          "value": 26,
          "max": 26
        },
        "minecraft:knockback_resistance": {
          "max": 0.015,
          "value": 0.15
        }
      },
      "h4": {
        "minecraft:health": {
          "value": 28,
          "max": 28
        },
        "minecraft:knockback_resistance": {
          "max": 0.2,
          "value": 0.2
        }
      },
      "h5": {
        "minecraft:knockback_resistance": {
          "max": 0.26,
          "value": 0.26
        },
        "minecraft:health": {
          "value": 30,
          "max": 30
        }
      },
      "arrow1": {},
      "arrow2": {},
      "arrow3": {},
      "arrow4": {},
      "arrow5": {},
      "unspeed1": {
        "minecraft:underwater_movement": {
          "value": 0.01
        },
        "minecraft:water_movement": {
          "drag_factor": 0.89
        }
      },
      "unspeed2": {
        "minecraft:underwater_movement": {
          "value": 0.02
        },
        "minecraft:water_movement": {
          "drag_factor": 0.98
        }
      },
      "unspeed3": {
        "minecraft:underwater_movement": {
          "value": 0.03
        },
        "minecraft:water_movement": {
          "drag_factor": 1.1
        }
      },
      "unspeed4": {
        "minecraft:underwater_movement": {
          "value": 0.04
        },
        "minecraft:water_movement": {
          "drag_factor": 1.3
        }
      },
      "unspeed5": {
        "minecraft:underwater_movement": {
          "value": 0.05
        },
        "minecraft:water_movement": {
          "drag_factor": 1.5
        }
      },
      "def1": {
        "minecraft:exhaustion_values": {
          "heal": 14,
          "jump": 0.27,
          "sprint_jump": 0.552,
          "mine": 0.13,
          "attack": 0.1,
          "damage": 0.1,
          "walk": 0.11,
          "sprint": 0.2,
          "swim": 0.23
        }
      },
      "def2": {
        "minecraft:exhaustion_values": {
          "heal": 12,
          "jump": 0.26,
          "sprint_jump": 0.4,
          "mine": 0.11,
          "attack": 0.1,
          "damage": 0.1,
          "walk": 0.1,
          "sprint": 0.18,
          "swim": 0.20
        }
      },
      "def3": {
        "minecraft:exhaustion_values": {
          "heal": 9,
          "jump": 0.24,
          "sprint_jump": 0.377,
          "mine": 0.1,
          "attack": 0.1,
          "damage": 0.1,
          "walk": 0.1,
          "sprint": 0.17,
          "swim": 0.18
        }
      },
      "def4": {
        "minecraft:exhaustion_values": {
          "heal": 7,
          "jump": 0.2242,
          "sprint_jump": 0.322,
          "mine": 0.1,
          "attack": 0.1,
          "damage": 0.1,
          "walk": 0.1,
          "sprint": 0.15,
          "swim": 0.14
        }
      },
      "def5": {
        "minecraft:exhaustion_values": {
          "heal": 4,
          "jump": 0.18,
          "sprint_jump": 0.234,
          "mine": 0.1,
          "attack": 0.1,
          "damage": 0.1,
          "walk": 0.1,
          "sprint": 0.145,
          "swim": 0.13
        }
      },
      "sus": {
        "minecraft:type_family": {
          "family": [
            "player"
          ]
        }
      }
    },
    "components": {
      "minecraft:experience_reward": {
        "on_death": "math.min(query.player_level*7,100)"
      },
      "minecraft:angry": {
        "duration": 20,
        "calm_event": {
          "event": "madein",
          "target": "self"
        }
      },
      "minecraft:is_hidden_when_invisible": {},
      "minecraft:loot": {
        "table": "loot_tables/empty.json"
      },
      "minecraft:collision_box": {
        "width": 0.6,
        "height": 1.8
      },
      "minecraft:can_climb": {},
      "minecraft:movement": {
        "value": 0.1
      },
      "minecraft:hurt_on_condition": {
        "damage_conditions": [
          {
            "filters": {
              "test": "in_lava",
              "subject": "self",
              "operator": "==",
              "value": true
            },
            "cause": "lava",
            "damage_per_tick": 4
          }
        ]
      },
      "minecraft:attack": {
        "damage": 1
      },
      "minecraft:player.saturation": {
        "value": 20
      },
      "minecraft:exhaustion_values": {
        "heal": 15,
        "jump": 0.28,
        "sprint_jump": 0.6,
        "mine": 0.15,
        "attack": 0.1,
        "damage": 0.1,
        "walk": 0.2,
        "sprint": 0.43,
        "swim": 0.42
      },
      "minecraft:player.level": {
        "value": 0,
        "max": 24791
      },
      "minecraft:player.experience": {
        "value": 0,
        "max": 1
      },
      "minecraft:on_hurt": {
        "event": "red"
      },
      "minecraft:on_hurt_by_player": {
        "event": "red"
      },
      "minecraft:breathable": {
        "total_supply": 15,
        "suffocate_time": -1,
        "inhale_time": 3.75,
        "generates_bubbles": false
      },
      "minecraft:nameable": {
        "always_show": true,
        "allow_name_tag_renaming": false
      },
      "minecraft:physics": {},
      "minecraft:pushable": {
        "is_pushable": true,
        "is_pushable_by_piston": true
      },
      "minecraft:insomnia": {
        "days_until_insomnia": 3
      },
      "minecraft:behavior.mount_pathing": {
        "priority": 0,
        "speed_multiplier": 1,
        "target_dist": 1,
        "track_target": false
      },
      "minecraft:type_family": {
        "family": [
          "player"
        ]
      },
      "minecraft:rideable": {
        "seat_count": 2,
        "family_types": [
          "parrot_tame",
          "dragonfo",
          "dragonio",
          "dragonlo"
        ],
        "pull_in_entities": true,
        "seats": [
          {
            "position": [
              0.4,
              -0.2,
              -0.1
            ],
            "min_rider_count": 0,
            "max_rider_count": 0,
            "lock_rider_rotation": 0
          },
          {
            "position": [
              -0.4,
              -0.2,
              -0.1
            ],
            "min_rider_count": 1,
            "max_rider_count": 2,
            "lock_rider_rotation": 0
          }
        ]
      },
      "minecraft:scaffolding_climber": {},
      "minecraft:environment_sensor": {
        "triggers": [
          {
            "filters": {
              "all_of": [
                {
                  "test": "has_mob_effect",
                  "subject": "self",
                  "value": "bad_omen"
                },
                {
                  "test": "is_in_village",
                  "subject": "self",
                  "value": true
                }
              ]
            },
            "event": "minecraft:trigger_raid"
          },
          {
            "filters": {
              "all_of": [
                {
                  "test": "has_tag",
                  "target": "self",
                  "operator": "==",
                  "value": "speed1"
                }
              ]
            },
            "event": "speed1",
            "target": "self"
          },
          {
            "filters": {
              "all_of": [
                {
                  "test": "has_tag",
                  "target": "self",
                  "operator": "==",
                  "value": "speed2"
                }
              ]
            },
            "event": "speed2",
            "target": "self"
          },
          {
            "filters": {
              "all_of": [
                {
                  "test": "has_tag",
                  "target": "self",
                  "operator": "==",
                  "value": "speed3"
                }
              ]
            },
            "event": "speed3",
            "target": "self"
          },
          {
            "filters": {
              "all_of": [
                {
                  "test": "has_tag",
                  "target": "self",
                  "operator": "==",
                  "value": "speed4"
                }
              ]
            },
            "event": "speed4",
            "target": "self"
          },
          {
            "filters": {
              "all_of": [
                {
                  "test": "has_tag",
                  "target": "self",
                  "operator": "==",
                  "value": "speed5"
                }
              ]
            },
            "event": "speed5",
            "target": "self"
          },
          {
            "filters": {
              "all_of": [
                {
                  "test": "has_tag",
                  "target": "self",
                  "operator": "==",
                  "value": "unspeed1"
                }
              ]
            },
            "event": "unspeed1",
            "target": "self"
          },
          {
            "filters": {
              "all_of": [
                {
                  "test": "has_tag",
                  "target": "self",
                  "operator": "==",
                  "value": "unspeed2"
                }
              ]
            },
            "event": "unspeed2",
            "target": "self"
          },
          {
            "filters": {
              "all_of": [
                {
                  "test": "has_tag",
                  "target": "self",
                  "operator": "!=",
                  "value": "AHHHHHHHHHHHHHHHHH"
                }
              ]
            },
            "event": "start",
            "target": "self"
          },
          {
            "filters": {
              "all_of": [
                {
                  "test": "has_tag",
                  "target": "self",
                  "operator": "==",
                  "value": "unspeed3"
                }
              ]
            },
            "event": "unspeed3",
            "target": "self"
          },
          {
            "filters": {
              "all_of": [
                {
                  "test": "has_tag",
                  "target": "self",
                  "operator": "==",
                  "value": "unspeed4"
                }
              ]
            },
            "event": "unspeed4",
            "target": "self"
          },
          {
            "filters": {
              "all_of": [
                {
                  "test": "has_tag",
                  "target": "self",
                  "operator": "==",
                  "value": "unspeed5"
                }
              ]
            },
            "event": "unspeed5",
            "target": "self"
          },
          {
            "filters": {
              "all_of": [
                {
                  "test": "has_tag",
                  "target": "self",
                  "operator": "==",
                  "value": "h1"
                }
              ]
            },
            "event": "h1",
            "target": "self"
          },
          {
            "filters": {
              "all_of": [
                {
                  "test": "has_tag",
                  "target": "self",
                  "operator": "==",
                  "value": "h2"
                }
              ]
            },
            "event": "h2",
            "target": "self"
          },
          {
            "filters": {
              "all_of": [
                {
                  "test": "has_tag",
                  "target": "self",
                  "operator": "==",
                  "value": "h3"
                }
              ]
            },
            "event": "h3",
            "target": "self"
          },
          {
            "filters": {
              "all_of": [
                {
                  "test": "has_tag",
                  "target": "self",
                  "operator": "==",
                  "value": "h4"
                }
              ]
            },
            "event": "h4",
            "target": "self"
          },
          {
            "filters": {
              "all_of": [
                {
                  "test": "has_tag",
                  "target": "self",
                  "operator": "==",
                  "value": "h5"
                }
              ]
            },
            "event": "h5",
            "target": "self"
          },
          {
            "filters": {
              "all_of": [
                {
                  "test": "has_tag",
                  "target": "self",
                  "operator": "==",
                  "value": "arrow1"
                }
              ]
            },
            "event": "arrow1",
            "target": "self"
          },
          {
            "filters": {
              "all_of": [
                {
                  "test": "has_tag",
                  "target": "self",
                  "operator": "==",
                  "value": "arrow2"
                }
              ]
            },
            "event": "arrow2",
            "target": "self"
          },
          {
            "filters": {
              "all_of": [
                {
                  "test": "has_tag",
                  "target": "self",
                  "operator": "==",
                  "value": "arrow3"
                }
              ]
            },
            "event": "arrow3",
            "target": "self"
          },
          {
            "filters": {
              "all_of": [
                {
                  "test": "has_tag",
                  "target": "self",
                  "operator": "==",
                  "value": "arrow4"
                }
              ]
            },
            "event": "arrow4",
            "target": "self"
          },
          {
            "filters": {
              "all_of": [
                {
                  "test": "has_tag",
                  "target": "self",
                  "operator": "==",
                  "value": "arrow5"
                }
              ]
            },
            "event": "arrow5",
            "target": "self"
          },
          {
            "filters": {
              "all_of": [
                {
                  "test": "has_tag",
                  "target": "self",
                  "operator": "==",
                  "value": "def1"
                }
              ]
            },
            "event": "def1",
            "target": "self"
          },
          {
            "filters": {
              "all_of": [
                {
                  "test": "has_tag",
                  "target": "self",
                  "operator": "==",
                  "value": "def2"
                }
              ]
            },
            "event": "def2",
            "target": "self"
          },
          {
            "filters": {
              "all_of": [
                {
                  "test": "has_tag",
                  "target": "self",
                  "operator": "==",
                  "value": "cungran"
                }
              ]
            },
            "event": "bruhs",
            "target": "self"
          },
          {
            "filters": {
              "all_of": [
                {
                  "test": "has_tag",
                  "target": "self",
                  "operator": "==",
                  "value": "def3"
                }
              ]
            },
            "event": "def3",
            "target": "self"
          },
          {
            "filters": {
              "all_of": [
                {
                  "test": "has_tag",
                  "target": "self",
                  "operator": "==",
                  "value": "def4"
                }
              ]
            },
            "event": "def4",
            "target": "self"
          },
          {
            "filters": {
              "all_of": [
                {
                  "test": "has_tag",
                  "target": "self",
                  "operator": "==",
                  "value": "def5"
                }
              ]
            },
            "event": "def5",
            "target": "self"
          }
        ]
      }
    },
    "events": {
      "madein": {
        "run_command": {
          "command": [
            "title @s title §l§4§kOK §r§l§gMade in VN!§r§l§4§kOK"
          ]
        }
      },
      "start": {
        "run_command": {
          "target": "self",
          "command": [
            "gamerule commandblockoutput false",
            "execute as @s[tag=cungran] if block ~~1~ web 0 run effect @s speed 1 8",
            "execute as @s[tag=cungran] if block ~~~ web 0 run effect @s speed 1 8",
            "function aohi1"
          ]
        }
      },
      "h1": {
        "add": {
          "component_groups": [
            "h1"
          ]
        }
      },
      "spawn_fire": {
        "add": {
          "component_groups": [
            "spawn_fire"
          ]
        }
      },
      "h2": {
        "add": {
          "component_groups": [
            "h2"
          ]
        }
      },
      "h3": {
        "add": {
          "component_groups": [
            "h3"
          ]
        }
      },
      "h4": {
        "add": {
          "component_groups": [
            "h4"
          ]
        }
      },
      "h5": {
        "add": {
          "component_groups": [
            "h5"
          ]
        }
      },
      "remove_mining": {
        "add": {
          "component_groups": [
            "remove_mining"
          ]
        }
      },
      "minecraft:gain_bad_omen": {
        "add": {
          "component_groups": [
            "minecraft:add_bad_omen"
          ]
        }
      },
      "minecraft:clear_add_bad_omen": {
        "remove": {
          "component_groups": [
            "minecraft:add_bad_omen"
          ]
        },
        "add": {
          "component_groups": [
            "minecraft:clear_bad_omen_spell_effect"
          ]
        }
      },
      "maybecanpoison": {
        "randomize": [
          {
            "run_command": {
              "command": [
                "effect @s fatal_poison 4 1 true"
              ]
            },
            "weight": 1
          },
          {
            "weight": 4
          }
        ]
      },
      "arrow1": {
        "add": {
          "component_groups": [
            "arrow1"
          ]
        }
      },
      "arrow2": {
        "add": {
          "component_groups": [
            "arrow2"
          ]
        }
      },
      "arrow3": {
        "add": {
          "component_groups": [
            "arrow3"
          ]
        }
      },
      "arrow4": {
        "add": {
          "component_groups": [
            "arrow4"
          ]
        }
      },
      "arrow5": {
        "add": {
          "component_groups": [
            "arrow5"
          ]
        }
      },
      "unspeed1": {
        "add": {
          "component_groups": [
            "unspeed1"
          ]
        }
      },
      "unspeed2": {
        "add": {
          "component_groups": [
            "unspeed2"
          ]
        }
      },
      "unspeed3": {
        "add": {
          "component_groups": [
            "unspeed3"
          ]
        }
      },
      "unspeed4": {
        "add": {
          "component_groups": [
            "unspeed4"
          ]
        }
      },
      "unspeed5": {
        "add": {
          "component_groups": [
            "unspeed5"
          ]
        }
      },
      "speed1": {
        "add": {
          "component_groups": [
            "speed1"
          ]
        }
      },
      "speed2": {
        "add": {
          "component_groups": [
            "speed2"
          ]
        }
      },
      "speed3": {
        "add": {
          "component_groups": [
            "speed3"
          ]
        }
      },
      "speed4": {
        "add": {
          "component_groups": [
            "speed4"
          ]
        }
      },
      "speed5": {
        "add": {
          "component_groups": [
            "speed5"
          ]
        }
      },
      "def1": {
        "add": {
          "component_groups": [
            "def1"
          ]
        }
      },
      "def2": {
        "add": {
          "component_groups": [
            "def2"
          ]
        }
      },
      "def3": {
        "add": {
          "component_groups": [
            "def3"
          ]
        }
      },
      "def4": {
        "add": {
          "component_groups": [
            "def4"
          ]
        }
      },
      "bruhs": {
        "run_command": {
          "target": "self",
          "command": [
            "event entity @s remove_nausea",
            "event entity @s remove_slownessfff",
            "event entity @s remove_miningfff"
          ]
        }
      },
      "def5": {
        "add": {
          "component_groups": [
            "def5"
          ]
        }
      }
    }
  }
}