{
	"format_version": "1.16.0",
	"minecraft:entity": {
		"description": {
			"identifier": "npc:food",
			"is_spawnable": false,
			"is_summonable": true,
			"is_experimental": false
		},
		"components": {
			"minecraft:damage_sensor": {
				"triggers": {
					"cause": "all",
					"deals_damage": false,
					"on_damage": {
						"event": "npc"
					}
				}
			},
			"minecraft:interact": {
				"interactions": {
					"on_interact": {
						"event": "npc"
					}
				}
			},
			"minecraft:type_family": {
				"family": [
					"npc"
				]
			},
			"minecraft:health": {
				"value": 32767,
				"max": 32767
			},
			"minecraft:movement": {
				"value": 0
			},
			"minecraft:jump.static": {
				"jump_power": 0
			},
			"minecraft:physics": {
				"has_collision": true,
				"has_gravity": false
			},
			"minecraft:pushable": {
				"is_pushable": false,
				"is_pushable_by_piston": false
			},
			"minecraft:knockback_resistance": {
				"value": 1
			},
			"minecraft:collision_box": {
				"width": 1,
				"height": 3.0
			},
			"minecraft:nameable": {
				"alwaysShow": true,
				"allowNameTagRenaming": false
			}
		},
		"events": {
			"npc": {
				"run_command": {
					"target": "other",
					"command": [
						"function npc/118"
					]
				}
			}
		}
	}
}