{
	"format_version": "1.18.0",
	"minecraft:item": {
		"description": {
			"identifier": "npc:editor",
			"category": "equipment"
		},
		"components": {
            "minecraft:max_stack_size": 1,
            "minecraft:allow_off_hand": true,
            "minecraft:icon" : {
                "texture": "stick"
            },
			"minecraft:display_name": {
				"value": "§r§dNpc §fEditor §7[use]"
			},
            "minecraft:foil": true,
            "minecraft:on_use": {
                "on_use": {
                "event": ""
                }
            },
            "minecraft:cooldown": {
                "category": "npc",
                "duration": 0.1
            }
		}
	}
}