{
    "format_version": "1.17.100",
    "minecraft:entity": {
        "description": {
            "identifier": "je:keycrate",
            "is_spawnable": true,
            "is_summonable": true,
            "is_experimental": true,
            "scripts": {
                "animate": [
                    "particle"
                ]
            },
            "animations": {
                "particle": "controller.animation.crates",
                "crate_particle": "animation.crate_particle",
                "crate_lava": "animation.crate_lava",
                "crate_smoke": "animation.crate_smoke",
                "4halo": "animation.crate_halo4",
                "5halo": "animation.crate_halo5"
            }
        },
        "component_groups": {
            "je:refresh": {
                "minecraft:movement": {
                    "value": 0
                }
            },
            "je:showcasename": {
                "minecraft:nameable": {
                    "alwaysShow": true
                },
                "minecraft:collision_box": {
                    "width": 0,
                    "height": 1.35
                }
            },
            "je:animation0": {
                "minecraft:variant": {
                    "value": 0
                }
            },
            "je:animation1": {
                "minecraft:variant": {
                    "value": 1
                }
            },
            "je:animation2": {
                "minecraft:variant": {
                    "value": 2
                }
            },
            "je:ender": {
                "minecraft:skin_id": {
                    "value": 0
                }
            },
            "je:normal": {
                "minecraft:skin_id": {
                    "value": 1
                }
            },
            "je:custom1": {
                "minecraft:skin_id": {
                    "value": 2
                }
            },
            "je:despawn": {
                "minecraft:instant_despawn": {}
            },
            "delay:despawn": {
                "minecraft:timer": {
                    "looping": false,
                    "time": 0.1,
                    "time_down_event": {
                        "event": "je:despawn"
                    }
                },
                "minecraft:mark_variant": {
                    "value": 2
                }
            },
            "timer:short": {
                "minecraft:timer": {
                    "looping": false,
                    "time": 0.3,
                    "time_down_event": {
                        "event": "je:event2"
                    }
                },
                "minecraft:mark_variant": {
                    "value": 2
                }
            },
            "timer:spin": {
                "minecraft:timer": {
                    "looping": false,
                    "time": 5.625,
                    "time_down_event": {
                        "event": "je:event2"
                    }
                },
                "minecraft:mark_variant": {
                    "value": 2
                }
            },
            "timer:showcase": {
                "minecraft:timer": {
                    "looping": false,
                    "time": 8,
                    "time_down_event": {
                        "event": "je:event2"
                    }
                },
                "minecraft:mark_variant": {
                    "value": 2
                }
            },
            "je:cg1": {
                "minecraft:collision_box": {
                    "width": 0,
                    "height": 0
                },
                "minecraft:environment_sensor": {
                    "triggers": [
                        {
                            "filters": {
                                "test": "is_variant",
                                "value": 0
                            },
                            "event": "timer:animation0"
                        },
                        {
                            "filters": {
                                "test": "is_variant",
                                "value": 1
                            },
                            "event": "timer:animation1"
                        },
                        {
                            "filters": {
                                "test": "is_variant",
                                "value": 2
                            },
                            "event": "timer:animation2"
                        }
                    ]
                },
                "minecraft:mark_variant": {
                    "value": 2
                }
            },
            "je:cg2.5": {
                "minecraft:mark_variant": {
                    "value": 3
                },
                "minecraft:nameable": {
                    "alwaysShow": true
                },
                "minecraft:collision_box": {
                    "width": 0,
                    "height": 1.35
                }
            },
            "je:open": {
                "minecraft:nameable": {
                    "alwaysShow": false
                },
                "minecraft:custom_hit_test": {},
                "minecraft:interact": {
                    "interactions": [
                        {
                            "on_interact": {
                                "event": "je:event1.5",
                                "target": "self"
                            }
                        }
                    ]
                },
                "minecraft:timer": {
                    "looping": false,
                    "time": 0.7,
                    "time_down_event": {
                        "event": "je:event1"
                    }
                },
                "minecraft:mark_variant": {
                    "value": 1
                }
            },
            "je:cg2": {
                "minecraft:mark_variant": {
                    "value": 4
                },
                "minecraft:collision_box": {
                    "width": 0,
                    "height": 1
                },
                "minecraft:timer": {
                    "looping": false,
                    "time": 1.5,
                    "time_down_event": {
                        "event": "je:event3"
                    }
                }
            },
            "je:cg3": {
                "minecraft:nameable": {
                    "alwaysShow": true
                },
                "minecraft:collision_box": {
                    "width": 0,
                    "height": 1
                },
                "minecraft:custom_hit_test": {
                    "hitboxes": [
                        {
                            "pivot": [
                                0,
                                0.5,
                                0
                            ],
                            "width": 0.8,
                            "height": 0.8
                        }
                    ]
                },
                "minecraft:mark_variant": {
                    "value": 0
                }
            },
            "je:interact": {
                "minecraft:interact": {
                    "interactions": [
                        {
                            "on_interact": {
                                "filters": {
                                    "any_of": [
                                        {
                                            "all_of": [
                                                {
                                                    "test": "has_equipment",
                                                    "subject": "player",
                                                    "domain": "hand",
                                                    "value": "je:key1"
                                                },
                                                {
                                                    "test": "has_tag",
                                                    "subject": "self",
                                                    "operator": "=",
                                                    "value": "key1"
                                                }
                                            ]
                                        },
                                        {
                                            "all_of": [
                                                {
                                                    "test": "has_equipment",
                                                    "subject": "player",
                                                    "domain": "hand",
                                                    "value": "je:key2"
                                                },
                                                {
                                                    "test": "has_tag",
                                                    "subject": "self",
                                                    "operator": "=",
                                                    "value": "key2"
                                                }
                                            ]
                                        },
                                        {
                                            "all_of": [
                                                {
                                                    "test": "has_equipment",
                                                    "subject": "player",
                                                    "domain": "hand",
                                                    "value": "je:key3"
                                                },
                                                {
                                                    "test": "has_tag",
                                                    "subject": "self",
                                                    "operator": "=",
                                                    "value": "key3"
                                                }
                                            ]
                                        },
                                        {
                                            "all_of": [
                                                {
                                                    "test": "has_equipment",
                                                    "subject": "player",
                                                    "domain": "hand",
                                                    "value": "je:key4"
                                                },
                                                {
                                                    "test": "has_tag",
                                                    "subject": "self",
                                                    "operator": "=",
                                                    "value": "key4"
                                                }
                                            ]
                                        },
                                        {
                                            "all_of": [
                                                {
                                                    "test": "has_equipment",
                                                    "subject": "player",
                                                    "domain": "hand",
                                                    "value": "je:key5"
                                                },
                                                {
                                                    "test": "has_tag",
                                                    "subject": "self",
                                                    "operator": "=",
                                                    "value": "key5"
                                                }
                                            ]
                                        },
                                        {
                                            "all_of": [
                                                {
                                                    "test": "has_equipment",
                                                    "subject": "player",
                                                    "domain": "hand",
                                                    "value": "je:key6"
                                                },
                                                {
                                                    "test": "has_tag",
                                                    "subject": "self",
                                                    "operator": "=",
                                                    "value": "key6"
                                                }
                                            ]
                                        },
                                        {
                                            "all_of": [
                                                {
                                                    "test": "has_equipment",
                                                    "subject": "player",
                                                    "domain": "hand",
                                                    "value": "je:key7"
                                                },
                                                {
                                                    "test": "has_tag",
                                                    "subject": "self",
                                                    "operator": "=",
                                                    "value": "key7"
                                                }
                                            ]
                                        },
                                        {
                                            "all_of": [
                                                {
                                                    "test": "has_equipment",
                                                    "subject": "player",
                                                    "domain": "hand",
                                                    "value": "je:key8"
                                                },
                                                {
                                                    "test": "has_tag",
                                                    "subject": "self",
                                                    "operator": "=",
                                                    "value": "key8"
                                                }
                                            ]
                                        },
                                        {
                                            "all_of": [
                                                {
                                                    "test": "has_equipment",
                                                    "subject": "player",
                                                    "domain": "hand",
                                                    "value": "je:key9"
                                                },
                                                {
                                                    "test": "has_tag",
                                                    "subject": "self",
                                                    "operator": "=",
                                                    "value": "key9"
                                                }
                                            ]
                                        },
                                        {
                                            "all_of": [
                                                {
                                                    "test": "has_equipment",
                                                    "subject": "player",
                                                    "domain": "hand",
                                                    "value": "je:key10"
                                                },
                                                {
                                                    "test": "has_tag",
                                                    "subject": "self",
                                                    "operator": "=",
                                                    "value": "key10"
                                                }
                                            ]
                                        }
                                    ]
                                },
                                "event": "je:openevent",
                                "target": "self"
                            },
                            "use_item": true,
                            "swing": true,
                            "interact_text": "action.interact.opencontainer"
                        },
                        {
                            "on_interact": {
                                "filters": {
                                    "any_of": [
                                        {
                                            "all_of": [
                                                {
                                                    "test": "has_equipment",
                                                    "subject": "player",
                                                    "domain": "hand",
                                                    "operator": "!=",
                                                    "value": "je:key1"
                                                },
                                                {
                                                    "test": "has_tag",
                                                    "subject": "self",
                                                    "operator": "=",
                                                    "value": "key1"
                                                }
                                            ]
                                        },
                                        {
                                            "all_of": [
                                                {
                                                    "test": "has_equipment",
                                                    "subject": "player",
                                                    "domain": "hand",
                                                    "operator": "!=",
                                                    "value": "je:key2"
                                                },
                                                {
                                                    "test": "has_tag",
                                                    "subject": "self",
                                                    "operator": "=",
                                                    "value": "key2"
                                                }
                                            ]
                                        },
                                        {
                                            "all_of": [
                                                {
                                                    "test": "has_equipment",
                                                    "subject": "player",
                                                    "domain": "hand",
                                                    "operator": "!=",
                                                    "value": "je:key3"
                                                },
                                                {
                                                    "test": "has_tag",
                                                    "subject": "self",
                                                    "operator": "=",
                                                    "value": "key3"
                                                }
                                            ]
                                        },
                                        {
                                            "all_of": [
                                                {
                                                    "test": "has_equipment",
                                                    "subject": "player",
                                                    "domain": "hand",
                                                    "operator": "!=",
                                                    "value": "je:key4"
                                                },
                                                {
                                                    "test": "has_tag",
                                                    "subject": "self",
                                                    "operator": "=",
                                                    "value": "key4"
                                                }
                                            ]
                                        },
                                        {
                                            "all_of": [
                                                {
                                                    "test": "has_equipment",
                                                    "subject": "player",
                                                    "domain": "hand",
                                                    "operator": "!=",
                                                    "value": "je:key5"
                                                },
                                                {
                                                    "test": "has_tag",
                                                    "subject": "self",
                                                    "operator": "=",
                                                    "value": "key5"
                                                }
                                            ]
                                        },
                                        {
                                            "all_of": [
                                                {
                                                    "test": "has_equipment",
                                                    "subject": "player",
                                                    "domain": "hand",
                                                    "operator": "!=",
                                                    "value": "je:key6"
                                                },
                                                {
                                                    "test": "has_tag",
                                                    "subject": "self",
                                                    "operator": "=",
                                                    "value": "key6"
                                                }
                                            ]
                                        },
                                        {
                                            "all_of": [
                                                {
                                                    "test": "has_equipment",
                                                    "subject": "player",
                                                    "domain": "hand",
                                                    "operator": "!=",
                                                    "value": "je:key7"
                                                },
                                                {
                                                    "test": "has_tag",
                                                    "subject": "self",
                                                    "operator": "=",
                                                    "value": "key7"
                                                }
                                            ]
                                        },
                                        {
                                            "all_of": [
                                                {
                                                    "test": "has_equipment",
                                                    "subject": "player",
                                                    "domain": "hand",
                                                    "operator": "!=",
                                                    "value": "je:key8"
                                                },
                                                {
                                                    "test": "has_tag",
                                                    "subject": "self",
                                                    "operator": "=",
                                                    "value": "key8"
                                                }
                                            ]
                                        },
                                        {
                                            "all_of": [
                                                {
                                                    "test": "has_equipment",
                                                    "subject": "player",
                                                    "domain": "hand",
                                                    "operator": "!=",
                                                    "value": "je:key9"
                                                },
                                                {
                                                    "test": "has_tag",
                                                    "subject": "self",
                                                    "operator": "=",
                                                    "value": "key9"
                                                }
                                            ]
                                        },
                                        {
                                            "all_of": [
                                                {
                                                    "test": "has_equipment",
                                                    "subject": "player",
                                                    "domain": "hand",
                                                    "operator": "!=",
                                                    "value": "je:key10"
                                                },
                                                {
                                                    "test": "has_tag",
                                                    "subject": "self",
                                                    "operator": "=",
                                                    "value": "key10"
                                                }
                                            ]
                                        }
                                    ]
                                },
                                "event": "je:notkey",
                                "target": "self"
                            },
                            "use_item": false,
                            "swing": true,
                            "interact_text": "action.interact.opencontainer"
                        }
                    ]
                }
            }
        },
        "components": {
            "minecraft:inventory": {
                "inventory_size": 1,
                "private": false,
                "restrict_to_owner": false
            },
            "minecraft:scale": {
                "value": 1
            },
            "minecraft:skin_id": {
                "value": 0
            },
            "minecraft:nameable": {
                "alwaysShow": true
            },
            "minecraft:fire_immune": true,
            "minecraft:collision_box": {
                "width": 0,
                "height": 1
            },
            "minecraft:custom_hit_test": {
                "hitboxes": [
                    {
                        "pivot": [
                            0,
                            0.5,
                            0
                        ],
                        "width": 0.8,
                        "height": 0.8
                    }
                ]
            },
            "minecraft:variant": {
                "value": 0
            },
            "minecraft:movement": {
                "value": 0
            },
            "minecraft:friction_modifier": {
                "value": 300
            },
            "minecraft:pushable": {
                "is_pushable": false,
                "is_pushable_by_piston": false
            },
            "minecraft:physics": {
                "has_collision": false,
                "has_gravity": false
            },
            "minecraft:damage_sensor": {
                "triggers": [
                    {
                        "deals_damage": false
                    }
                ]
            }
        },
        "events": {
            "je:clearkey": {
                "run_command": {
                    "command": [
                        "tag @s remove key1",
                        "tag @s remove key2",
                        "tag @s remove key3",
                        "tag @s remove key4",
                        "tag @s remove key5",
                        "tag @s remove key6",
                        "tag @s remove key7",
                        "tag @s remove key8",
                        "tag @s remove key9",
                        "tag @s remove key10"
                    ],
                    "target": "self"
                }
            },
            "je:kill": {
                "run_command": {
                    "command": [
                        "execute as @s align xz run particle minecraft:bleach ~0.8~0.1~",
                        "execute as @s align xz run particle minecraft:bleach ~0.8~0.1~0.8",
                        "execute as @s align xz run particle minecraft:bleach ~~0.1~0.8",
                        "execute as @s align xz run particle minecraft:bleach ~~0.1~",
                        "particle minecraft:crop_growth_emitter"
                    ],
                    "target": "self"
                },
                "add": {
                    "component_groups": [
                        "delay:despawn"
                    ]
                }
            },
            "je:despawn": {
                "add": {
                    "component_groups": [
                        "je:despawn"
                    ]
                }
            },
            "je:event1": {
                "add": {
                    "component_groups": [
                        "je:cg1"
                    ]
                },
                "remove": {
                    "component_groups": [
                        "je:open"
                    ]
                },
                "run_command": {
                    "command": [
                        "replaceitem entity @s slot.weapon.offhand 0 ender_chest",
                        "tag @s add event1",
                        "tag @s remove idle"
                    ],
                    "target": "self"
                }
            },
            "je:openevent": {
                "remove": {
                    "component_groups": [
                        "je:interact"
                    ]
                },
                "add": {
                    "component_groups": [
                        "je:open"
                    ]
                },
                "run_command": {
                    "command": [
                        "tag @s add opener"
                    ],
                    "target": "other"
                }
            },
            "je:event1.5": {
                "run_command": {
                    "command": [
                        "tellraw @s {\"rawtext\":[{\"text\":\"§cCrate is still in use!!!\"}]}",
                        "playsound mob.creeper.say @s"
                    ],
                    "target": "other"
                }
            },
            "je:notkey": {
                "sequence": [
                    {
                        "run_command": {
                            "command": [
                                "tag @s add notkey",
                                "playsound mob.creeper.say @s"
                            ],
                            "target": "other"
                        }
                    }
                ]
            },
            "je:refresh": {
                "add": {
                    "component_groups": [
                        "je:refresh"
                    ]
                }
            },
            "je:showcasename": {
                "add": {
                    "component_groups": [
                        "je:showcasename"
                    ]
                }
            },
            "je:event2": {
                "remove": {
                    "component_groups": [
                        "je:showcasename"
                    ]
                },
                "run_command": {
                    "command": [
                        "tag @s remove event1",
                        "tag @s add event2",
                        "replaceitem entity @s slot.weapon.offhand 0 air"
                    ],
                    "target": "self"
                },
                "add": {
                    "component_groups": [
                        "je:cg2.5"
                    ]
                }
            },
            "je:event2.5": {
                "remove": {
                    "component_groups": [
                        "je:cg1",
                        "je:cg2",
                        "je:cg2.5",
                        "timer:short",
                        "timer:spin",
                        "timer:showcase"
                    ]
                },
                "add": {
                    "component_groups": [
                        "je:cg2"
                    ]
                },
                "run_command": {
                    "command": [
                        "tag @s remove event2",
                        "replaceitem entity @s slot.weapon.mainhand 0 air",
                        "replaceitem entity @s slot.weapon.offhand 0 air"
                    ],
                    "target": "self"
                }
            },
            "je:interact": {
                "add": {
                    "component_groups": [
                        "je:interact"
                    ]
                }
            },
            "je:event3": {
                "remove": {
                    "component_groups": [
                        "je:cg1",
                        "je:cg2",
                        "je:cg2.5"
                    ]
                },
                "add": {
                    "component_groups": [
                        "je:cg3",
                        "je:interact"
                    ]
                }
            },
            "je:skin0": {
                "remove": {
                    "component_groups": [
                        "je:normal","je:custom1"
                    ]
                },
                "add": {
                    "component_groups": [
                        "je:ender"
                    ]
                }
            },
            "je:skin1": {
                "remove": {
                    "component_groups": [
                        "je:ender","je:custom1"
                    ]
                },
                "add": {
                    "component_groups": [
                        "je:normal"
                    ]
                }
            },
            "je:skin2": {
                "remove": {
                    "component_groups": [
                        "je:ender","je:normal"
                    ]
                },
                "add": {
                    "component_groups": [
                        "je:custom1"
                    ]
                }
            },
            "je:animation0": {
                "remove": {
                    "component_groups": [
                        "je:animation1",
                        "je:animation2"
                    ]
                },
                "add": {
                    "component_groups": [
                        "je:animation0"
                    ]
                }
            },
            "je:animation1": {
                "remove": {
                    "component_groups": [
                        "je:animation0",
                        "je:animation2"
                    ]
                },
                "add": {
                    "component_groups": [
                        "je:animation1"
                    ]
                }
            },
            "je:animation2": {
                "remove": {
                    "component_groups": [
                        "je:animation0",
                        "je:animation1"
                    ]
                },
                "add": {
                    "component_groups": [
                        "je:animation2"
                    ]
                }
            },
            "timer:animation0": {
                "remove": {
                    "component_groups": [
                        "je:cg1"
                    ]
                },
                "add": {
                    "component_groups": [
                        "timer:short"
                    ]
                }
            },
            "timer:animation1": {
                "remove": {
                    "component_groups": [
                        "je:cg1"
                    ]
                },
                "add": {
                    "component_groups": [
                        "timer:spin"
                    ]
                }
            },
            "timer:animation2": {
                "remove": {
                    "component_groups": [
                        "je:cg1"
                    ]
                },
                "add": {
                    "component_groups": [
                        "timer:showcase"
                    ]
                }
            },
            "je:halo0": {
                "run_command": {
                    "command": [
                        "scoreboard objectives add halo dummy",
                        "scoreboard players set @s halo 0"
                    ],
                    "target": "self"
                }
            },
            "je:halo1": {
                "run_command": {
                    "command": [
                        "scoreboard objectives add halo dummy",
                        "scoreboard players set @s halo 1"
                    ],
                    "target": "self"
                }
            },
            "je:halo2": {
                "run_command": {
                    "command": [
                        "scoreboard objectives add halo dummy",
                        "scoreboard players set @s halo 2"
                    ],
                    "target": "self"
                }
            },
            "je:halo3": {
                "run_command": {
                    "command": [
                        "scoreboard objectives add halo dummy",
                        "scoreboard players set @s halo 3"
                    ],
                    "target": "self"
                }
            },
            "je:halo4": {
                "run_command": {
                    "command": [
                        "scoreboard objectives add halo dummy",
                        "scoreboard players set @s halo 4"
                    ],
                    "target": "self"
                }
            },
            "je:halo5": {
                "run_command": {
                    "command": [
                        "scoreboard objectives add halo dummy",
                        "scoreboard players set @s halo 5"
                    ],
                    "target": "self"
                }
            }
        }
    }
}