{
  "format_version": "1.16.100",
  "minecraft:item": {
    "description": {
      "identifier": "mcc:menu"
    },
    "components": {
      "minecraft:max_stack_size": 1,
      "minecraft:allow_off_hand": true,
      "minecraft:foil": true,
      "minecraft:icon": {
        "texture": "clock_item"
      },
      "minecraft:display_name": {
        "value": "§bPlayer Menu§r"
      },
      "minecraft:on_use": {
        "on_use": {
          "event": ""
        }
      },
      "minecraft:cooldown": {
        "category": "gui",
        "duration": 1
      }
    }
  }
}
